"trial","rank","lambda","basis_mode","pearson_error","spearman_error","quantile_error","covariance_error_x","covariance_error_y","runtime","transport_error_proxy"
1,10,1e-06,"shared",1.58341851388686,1.54019372126164,3.00239674942847e-17,10.6175563868949,11.054378098224,0.102,220.284253430341
2,10,1e-06,"shared",1.45605155734719,1.42531518747231,3.00239674942847e-17,11.0824923482691,10.3386524636287,0.072,220.284253430341
3,10,1e-06,"shared",1.68076588722134,1.63434810933024,3.00239674942847e-17,10.2303152917264,12.1266424995806,0.074,220.284253430341
4,10,1e-06,"shared",1.49890161798715,1.45578539253777,3.00239674942847e-17,12.0198740501385,10.7618770085247,0.07,220.284253430341
5,10,1e-06,"shared",1.52946832742887,1.50316368495787,3.00239674942847e-17,11.0459355433051,14.2292806876719,0.0670000000000001,220.284253430341
6,10,1e-06,"shared",1.50523058896474,1.4817203566189,3.00239674942847e-17,13.8742247225442,11.5703447135,0.079,220.284253430341
7,10,1e-06,"shared",1.54321634318612,1.49406742220904,3.00239674942847e-17,11.5395941407871,10.0603255391161,0.0830000000000001,220.284253430341
8,10,1e-06,"shared",1.54174342951151,1.5122900679619,3.00239674942847e-17,9.63637027989036,10.5816057674803,0.0640000000000001,220.284253430341
9,10,1e-06,"shared",1.49038022554745,1.45374505565482,3.00239674942847e-17,10.8828283750386,10.5919250080419,0.078,220.284253430341
10,10,1e-06,"shared",1.53501248936371,1.4838872041224,3.00239674942847e-17,10.5467197233116,10.8666292104606,0.0629999999999999,220.284253430341
11,10,1e-06,"shared",1.5506216932803,1.50034848878083,3.00239674942847e-17,10.73728774422,11.3485399708432,0.077,220.284253430341
12,10,1e-06,"shared",1.45719882153093,1.41934068296019,3.00239674942847e-17,11.7513324776441,11.5619388463996,0.069,220.284253430341
13,10,1e-06,"shared",1.48632978796991,1.45948210052377,3.00239674942847e-17,11.6545099514284,11.7212160302136,0.077,220.284253430341
14,10,1e-06,"shared",1.56285119890411,1.50985340975395,3.00239674942847e-17,11.7301268661704,11.4839075741847,0.0679999999999998,220.284253430341
15,10,1e-06,"shared",1.50724854411678,1.470111739903,3.00239674942847e-17,11.0086282308563,10.0908622833149,0.081,220.284253430341
16,10,1e-06,"shared",1.52337341396742,1.49563457483233,3.00239674942847e-17,10.1535341744183,12.6411739915015,0.0720000000000001,220.284253430341
17,10,1e-06,"shared",1.56683531257851,1.54682558709514,3.00239674942847e-17,12.6804464996541,10.8921915403983,0.0659999999999998,220.284253430341
18,10,1e-06,"shared",1.45852805359298,1.41932694615463,3.00239674942847e-17,10.986761740095,12.1523111689645,0.0760000000000001,220.284253430341
19,10,1e-06,"shared",1.58914527011245,1.56297480931756,3.00239674942847e-17,12.2111538539182,11.3075553065581,0.097,220.284253430341
20,10,1e-06,"shared",1.51209320545311,1.48237483470671,3.00239674942847e-17,11.3146760894809,10.7815159149349,0.0779999999999998,220.284253430341
1,10,1e-06,"independent",1.56552775113942,1.524784390748,3.00239674942847e-17,11.0752173134568,12.3183782055436,0.075,220.284253430341
2,10,1e-06,"independent",1.49705136293905,1.46392119924049,3.00239674942847e-17,12.3195083983959,11.7716601782203,0.077,220.284253430341
3,10,1e-06,"independent",1.58539631693727,1.5586724961014,3.00239674942847e-17,11.5506078363565,11.5839748873378,0.0769999999999997,220.284253430341
4,10,1e-06,"independent",1.53246168376,1.50507146370154,3.00239674942847e-17,11.937295821709,9.90256404216688,0.0539999999999998,220.284253430341
5,10,1e-06,"independent",1.59437226160214,1.55021464015925,3.00239674942847e-17,10.26122958103,13.1978699596484,0.0740000000000003,220.284253430341
6,10,1e-06,"independent",1.49231190756974,1.45824908767034,3.00239674942847e-17,13.2576656159879,11.7637472230382,0.0619999999999998,220.284253430341
7,10,1e-06,"independent",1.66559282468384,1.62973802212116,3.00239674942847e-17,10.2614313761824,11.1027545138684,0.0709999999999997,220.284253430341
8,10,1e-06,"independent",1.54200700663307,1.51188210254022,3.00239674942847e-17,12.1658018084958,11.1420461224062,0.0720000000000001,220.284253430341
9,10,1e-06,"independent",1.48832097148374,1.44406803556524,3.00239674942847e-17,10.999415224521,11.8016533266215,0.0759999999999996,220.284253430341
10,10,1e-06,"independent",1.43078063732241,1.39525052065211,3.00239674942847e-17,13.0748715520346,11.606310832164,0.0749999999999997,220.284253430341
11,10,1e-06,"independent",1.52054031114822,1.48913185013944,3.00239674942847e-17,10.7710881558664,10.7515312080978,0.073,220.284253430341
12,10,1e-06,"independent",1.53256275163382,1.51236157174613,3.00239674942847e-17,11.4090366209659,10.4530793323374,0.0680000000000001,220.284253430341
13,10,1e-06,"independent",1.62202112313256,1.57290262527614,3.00239674942847e-17,10.6126059189495,10.9774518534266,0.073,220.284253430341
14,10,1e-06,"independent",1.43822608585004,1.42880894643694,3.00239674942847e-17,10.6619854942557,11.791059981809,0.0640000000000001,220.284253430341
15,10,1e-06,"independent",1.57510990716481,1.53298268822057,3.00239674942847e-17,11.6203051259419,11.9494827072486,0.0760000000000001,220.284253430341
16,10,1e-06,"independent",1.44520726174976,1.40774648379581,3.00239674942847e-17,11.398747980017,13.2057604755069,0.0800000000000001,220.284253430341
17,10,1e-06,"independent",1.60937510967216,1.59490782625763,3.00239674942847e-17,10.9341733572646,12.0289288525375,0.0680000000000001,220.284253430341
18,10,1e-06,"independent",1.4547140600047,1.42680199296341,3.00239674942847e-17,13.4191730556794,10.2634262220525,0.0899999999999999,220.284253430341
19,10,1e-06,"independent",1.56422708813925,1.52061989300973,3.00239674942847e-17,11.7253391585653,9.93565557264428,0.0780000000000003,220.284253430341
20,10,1e-06,"independent",1.59123445401955,1.55354701053179,3.00239674942847e-17,14.3299953510495,12.3702259238077,0.0670000000000002,220.284253430341
1,10,0.01,"shared",1.54193514525775,1.51202598104089,3.00239674942847e-17,10.4723352950301,11.3868776111632,0.0720000000000001,2.06266356305451
2,10,0.01,"shared",1.50014589454619,1.46315066985623,3.00239674942847e-17,11.1470926978334,13.9342263102655,0.0660000000000003,2.06266356305451
3,10,0.01,"shared",1.54798084180254,1.51528400996667,3.00239674942847e-17,13.8861841139757,9.95155261388883,0.0710000000000002,2.06266356305451
4,10,0.01,"shared",1.53150767531849,1.50641843770692,3.00239674942847e-17,9.91392935755031,13.2717586395718,0.0720000000000001,2.06266356305451
5,10,0.01,"shared",1.53559966195713,1.497097972429,3.00239674942847e-17,13.312518587811,11.661963457231,0.0740000000000003,2.06266356305451
6,10,0.01,"shared",1.467295453148,1.43813510757338,3.00239674942847e-17,10.9794036457467,12.3943618236109,0.073,2.06266356305451
7,10,0.01,"shared",1.55072188327065,1.52169463093436,3.00239674942847e-17,12.3573229943058,10.9652532397701,0.0760000000000001,2.06266356305451
8,10,0.01,"shared",1.50144956385359,1.46803078805356,3.00239674942847e-17,11.1799821432347,10.0428053972736,0.0709999999999997,2.06266356305451
9,10,0.01,"shared",1.54472088632231,1.52590902490085,3.00239674942847e-17,10.027318490171,11.2882610940217,0.0720000000000001,2.06266356305451
10,10,0.01,"shared",1.50560682956379,1.46520710617726,3.00239674942847e-17,11.6850530274886,10.7818476580796,0.0839999999999996,2.06266356305451
11,10,0.01,"shared",1.51018581500241,1.47235840092001,3.00239674942847e-17,10.8525357585514,11.0932917471448,0.0630000000000006,2.06266356305451
12,10,0.01,"shared",1.5164971542374,1.47393765668375,3.00239674942847e-17,11.2716750227154,11.3595656886258,0.0759999999999996,2.06266356305451
13,10,0.01,"shared",1.41882784809252,1.38457270058423,3.00239674942847e-17,11.4466749662927,12.1799227598557,0.0750000000000002,2.06266356305451
14,10,0.01,"shared",1.51240156127939,1.48089761244506,3.00239674942847e-17,11.5843023563418,11.9550996025926,0.0739999999999998,2.06266356305451
15,10,0.01,"shared",1.47162374134446,1.44420078952958,3.00239674942847e-17,11.8665261584073,11.1384498350455,0.0860000000000003,2.06266356305451
16,10,0.01,"shared",1.47066351715764,1.44555088959412,3.00239674942847e-17,11.1747060613419,11.7529889468561,0.0809999999999995,2.06266356305451
17,10,0.01,"shared",1.56892266318241,1.53924687644686,3.00239674942847e-17,11.6775604960817,10.5321088902826,0.0679999999999996,2.06266356305451
18,10,0.01,"shared",1.52158941970346,1.50104026486219,3.00239674942847e-17,10.5627092862124,12.9382711180371,0.0599999999999996,2.06266356305451
19,10,0.01,"shared",1.51815510301241,1.48689997562394,3.00239674942847e-17,13.1984172102928,12.5119289983151,0.0650000000000004,2.06266356305451
20,10,0.01,"shared",1.45138976099006,1.42958007575288,3.00239674942847e-17,12.545695690111,12.3476392522695,0.0799999999999992,2.06266356305451
1,10,0.01,"independent",1.40899826199385,1.38433918261487,3.00239674942847e-17,12.0905779981869,12.2091748847051,0.0670000000000002,2.06266356305451
2,10,0.01,"independent",1.49252896449573,1.46914332662696,3.00239674942847e-17,11.7917846899991,10.2316672891696,0.0720000000000001,2.06266356305451
3,10,0.01,"independent",1.52480838882807,1.50500908832544,3.00239674942847e-17,9.42448707019945,11.809517291894,0.0779999999999994,2.06266356305451
4,10,0.01,"independent",1.55548578768238,1.52453134411644,3.00239674942847e-17,11.4227237052433,11.5830123471242,0.0880000000000001,2.06266356305451
5,10,0.01,"independent",1.54942322997604,1.51574965287621,3.00239674942847e-17,10.7008342450816,12.2248499720024,0.0810000000000004,2.06266356305451
6,10,0.01,"independent",1.47773672628743,1.45356509743762,3.00239674942847e-17,11.6827527580965,12.3054566660344,0.0800000000000001,2.06266356305451
7,10,0.01,"independent",1.48589350287089,1.46212266433513,3.00239674942847e-17,12.9136017201135,10.2814602429316,0.0760000000000005,2.06266356305451
8,10,0.01,"independent",1.50455028209425,1.48175370146481,3.00239674942847e-17,10.8778425181494,9.1184897974976,0.0859999999999994,2.06266356305451
9,10,0.01,"independent",1.45623583653819,1.42003292120515,3.00239674942847e-17,10.2864072816249,12.957209609718,0.093,2.06266356305451
10,10,0.01,"independent",1.49180367684978,1.46192466344015,3.00239674942847e-17,11.0672011638177,10.2228926067967,0.0760000000000005,2.06266356305451
11,10,0.01,"independent",1.53591585093767,1.5192442338579,3.00239674942847e-17,10.9651689973427,10.6159629819891,0.0720000000000001,2.06266356305451
12,10,0.01,"independent",1.53447746625558,1.50974399307904,3.00239674942847e-17,10.1538318377385,11.9010910822655,0.0700000000000003,2.06266356305451
13,10,0.01,"independent",1.50907420995061,1.4774619011413,3.00239674942847e-17,11.4158823468098,9.72335555609248,0.069,2.06266356305451
14,10,0.01,"independent",1.47598608751638,1.43650342208363,3.00239674942847e-17,9.6175984761112,10.7736843064145,0.0679999999999996,2.06266356305451
15,10,0.01,"independent",1.42810113078657,1.40156115578091,3.00239674942847e-17,9.26378562687614,10.6763755394261,0.0759999999999996,2.06266356305451
16,10,0.01,"independent",1.3938861046233,1.36289736153542,3.00239674942847e-17,10.0890205736947,10.8598682222627,0.0629999999999997,2.06266356305451
17,10,0.01,"independent",1.45211726195542,1.42576557496364,3.00239674942847e-17,11.8452474932012,10.6336355198365,0.0669999999999993,2.06266356305451
18,10,0.01,"independent",1.49397638460327,1.47613959206993,3.00239674942847e-17,11.3800697655475,11.3941654681066,0.085,2.06266356305451
19,10,0.01,"independent",1.50567487150697,1.47425481973705,3.00239674942847e-17,9.76242931697335,10.7158243794898,0.0819999999999999,2.06266356305451
20,10,0.01,"independent",1.51849504807867,1.50276515634236,3.00239674942847e-17,11.5944442922837,11.8565565494606,0.0670000000000002,2.06266356305451
1,20,1e-06,"shared",1.60203077510836,1.56737764067663,3.00239674942847e-17,8.23787334173418,8.26272647727546,0.0830000000000002,142.167261762421
2,20,1e-06,"shared",1.58865501273645,1.56349134064519,3.00239674942847e-17,8.20563516364733,6.23369837687188,0.0870000000000006,142.167261762421
3,20,1e-06,"shared",1.58221128972213,1.55007742488192,3.00239674942847e-17,6.2716640948892,6.06094838909133,0.0840000000000005,142.167261762421
4,20,1e-06,"shared",1.59033667219856,1.53807054306985,3.00239674942847e-17,5.99880545776982,7.18376474334214,0.0679999999999996,142.167261762421
5,20,1e-06,"shared",1.70780747639653,1.65211171987327,3.00239674942847e-17,7.12362198748095,6.11302254087318,0.069,142.167261762421
6,20,1e-06,"shared",1.6389808604304,1.59885133339794,3.00239674942847e-17,6.10113985980666,7.88639212315984,0.0659999999999998,142.167261762421
7,20,1e-06,"shared",1.58894649489311,1.56542637723019,3.00239674942847e-17,7.66357118374698,6.78890191995973,0.0670000000000002,142.167261762421
8,20,1e-06,"shared",1.67050049908512,1.63702698574698,3.00239674942847e-17,6.81120837056707,6.88324529647137,0.0579999999999998,142.167261762421
9,20,1e-06,"shared",1.7545765037092,1.69661254409063,3.00239674942847e-17,6.80357305293072,6.29847167596371,0.0729999999999995,142.167261762421
10,20,1e-06,"shared",1.60712815407132,1.57763760563704,3.00239674942847e-17,6.01760818061386,8.01777600891591,0.0629999999999997,142.167261762421
11,20,1e-06,"shared",1.54643189899218,1.51561944173865,3.00239674942847e-17,8.02756572222097,8.08026858747417,0.0709999999999997,142.167261762421
12,20,1e-06,"shared",1.64511773872272,1.59789742698157,3.00239674942847e-17,7.99227780207258,5.94187335513764,0.0889999999999995,142.167261762421
13,20,1e-06,"shared",1.65969196475448,1.63429413952732,3.00239674942847e-17,5.89801726940839,7.31886573170618,0.0760000000000005,142.167261762421
14,20,1e-06,"shared",1.59892971858373,1.55446286879316,3.00239674942847e-17,7.16640729428886,8.71464074701419,0.0830000000000002,142.167261762421
15,20,1e-06,"shared",1.64305449518841,1.60803539352936,3.00239674942847e-17,8.50261116223149,6.92295030722814,0.0709999999999997,142.167261762421
16,20,1e-06,"shared",1.61823414149698,1.57679055883054,3.00239674942847e-17,6.75053696189647,8.34440009013234,0.0860000000000003,142.167261762421
17,20,1e-06,"shared",1.6282360073437,1.6020504127193,3.00239674942847e-17,8.24467256935343,7.5417129888093,0.0789999999999997,142.167261762421
18,20,1e-06,"shared",1.67407789465024,1.63315372926315,3.00239674942847e-17,7.45121538241227,6.09104272955764,0.0659999999999998,142.167261762421
19,20,1e-06,"shared",1.59110871024786,1.55472801532523,3.00239674942847e-17,5.97828487601423,6.96429785223161,0.0700000000000003,142.167261762421
20,20,1e-06,"shared",1.5614978695413,1.51808070536204,3.00239674942847e-17,7.31666716381416,8.67149161947217,0.077,142.167261762421
1,20,1e-06,"independent",1.6301171983182,1.59861613188627,3.00239674942847e-17,8.52665793166256,8.66938492854016,0.0760000000000005,142.167261762421
2,20,1e-06,"independent",1.64557526481857,1.61736143721815,3.00239674942847e-17,7.31652504090334,8.90738833976213,0.0800000000000001,142.167261762421
3,20,1e-06,"independent",1.66670789085655,1.61547495142495,3.00239674942847e-17,6.59922180077956,6.97071741459619,0.0670000000000002,142.167261762421
4,20,1e-06,"independent",1.67194911184555,1.63896709140646,3.00239674942847e-17,6.47566131489802,8.1556641848153,0.0700000000000003,142.167261762421
5,20,1e-06,"independent",1.65987304882279,1.61709472165878,3.00239674942847e-17,6.16979411067285,7.20949531879172,0.0820000000000007,142.167261762421
6,20,1e-06,"independent",1.65295271190153,1.61414572200781,3.00239674942847e-17,7.53116063432045,6.83727986296396,0.0779999999999994,142.167261762421
7,20,1e-06,"independent",1.67092357078024,1.64068575036273,3.00239674942847e-17,7.01561222977653,6.37383513336226,0.0860000000000003,142.167261762421
8,20,1e-06,"independent",1.60041374691334,1.57127253637989,3.00239674942847e-17,8.71023361260536,7.10009867245218,0.0760000000000005,142.167261762421
9,20,1e-06,"independent",1.69813339400894,1.65832966234647,3.00239674942847e-17,6.67265415180889,7.77592437444242,0.0950000000000006,142.167261762421
10,20,1e-06,"independent",1.62569597828527,1.59362809410847,3.00239674942847e-17,9.32613985968774,5.9899957065004,0.0649999999999995,142.167261762421
11,20,1e-06,"independent",1.59728176187644,1.54849830943531,3.00239674942847e-17,7.23356133983085,8.08636655510249,0.0649999999999995,142.167261762421
12,20,1e-06,"independent",1.59093815660881,1.55167542964662,3.00239674942847e-17,6.0668541727473,7.43627795889099,0.0750000000000011,142.167261762421
13,20,1e-06,"independent",1.59057537841329,1.5438880199163,3.00239674942847e-17,7.07680940260162,6.76676784128753,0.0709999999999997,142.167261762421
14,20,1e-06,"independent",1.63071360237783,1.59742336262409,3.00239674942847e-17,8.85946494474661,6.86345787945894,0.0690000000000008,142.167261762421
15,20,1e-06,"independent",1.62578446877764,1.58198493881556,3.00239674942847e-17,7.10953160962256,6.6431085670538,0.0700000000000003,142.167261762421
16,20,1e-06,"independent",1.62299565566344,1.58978878565851,3.00239674942847e-17,7.28741312973635,6.66310735055331,0.0730000000000004,142.167261762421
17,20,1e-06,"independent",1.55865735850304,1.52260983936703,3.00239674942847e-17,6.88557316586295,9.00417874537026,0.0939999999999994,142.167261762421
18,20,1e-06,"independent",1.61435374524752,1.57280788684856,3.00239674942847e-17,6.37640951971551,7.87188598767577,0.0700000000000003,142.167261762421
19,20,1e-06,"independent",1.57076826937673,1.53858598060856,3.00239674942847e-17,7.64591103420609,7.63349524817792,0.0779999999999994,142.167261762421
20,20,1e-06,"independent",1.68279048297962,1.63730908896817,3.00239674942847e-17,7.3923870922736,6.29183677139651,0.072000000000001,142.167261762421
1,20,0.01,"shared",1.57263815050273,1.54236988674588,3.00239674942847e-17,7.34205451488876,7.66370760717709,0.0709999999999997,1.21675814821234
2,20,0.01,"shared",1.68946841984035,1.66386808066835,3.00239674942847e-17,7.60382372332003,6.40538459391534,0.0800000000000001,1.21675814821234
3,20,0.01,"shared",1.57933019965523,1.56061827917621,3.00239674942847e-17,6.32784481856725,6.79627431556492,0.0850000000000009,1.21675814821234
4,20,0.01,"shared",1.48477130820738,1.44844692497847,3.00239674942847e-17,6.95358571619001,7.42136717189662,0.0739999999999998,1.21675814821234
5,20,0.01,"shared",1.67169716266067,1.62629912877611,3.00239674942847e-17,7.31181115496509,6.86740266528568,0.0709999999999997,1.21675814821234
6,20,0.01,"shared",1.53877809255908,1.50463646380097,3.00239674942847e-17,6.94896947087292,6.78035722914259,0.0670000000000002,1.21675814821234
7,20,0.01,"shared",1.58687213464797,1.5549348498718,3.00239674942847e-17,6.74600462401456,7.8194647976117,0.0699999999999985,1.21675814821234
8,20,0.01,"shared",1.59148428469641,1.54484933539544,3.00239674942847e-17,7.83328664981176,5.30176123577505,0.0749999999999993,1.21675814821234
9,20,0.01,"shared",1.51115421495889,1.48431958015517,3.00239674942847e-17,5.43313198327685,6.60651444618955,0.0810000000000013,1.21675814821234
10,20,0.01,"shared",1.47332518800973,1.42895078858792,3.00239674942847e-17,6.86984073839014,5.5116223633604,0.0850000000000009,1.21675814821234
11,20,0.01,"shared",1.62428056160221,1.60164298240949,3.00239674942847e-17,5.53110545785499,8.60497756941746,0.0860000000000003,1.21675814821234
12,20,0.01,"shared",1.60066876480616,1.56158144758428,3.00239674942847e-17,8.28954927332529,8.26826669504222,0.0999999999999996,1.21675814821234
13,20,0.01,"shared",1.50691039688823,1.47120490526713,3.00239674942847e-17,8.34807818735909,6.88207973572536,0.0939999999999994,1.21675814821234
14,20,0.01,"shared",1.5924343175112,1.55244764097789,3.00239674942847e-17,6.83889339533913,7.87650541431533,0.113000000000001,1.21675814821234
15,20,0.01,"shared",1.504421055881,1.45877778833481,3.00239674942847e-17,8.02445133527522,7.82368913938683,0.130000000000001,1.21675814821234
16,20,0.01,"shared",1.62388105961362,1.59773289126737,3.00239674942847e-17,7.78096855486997,7.27100282682937,0.102,1.21675814821234
17,20,0.01,"shared",1.61542447992482,1.56281705212715,3.00239674942847e-17,7.3409714663337,6.90514887204855,0.0920000000000005,1.21675814821234
18,20,0.01,"shared",1.51315124265888,1.49244539597027,3.00239674942847e-17,6.94698230806311,7.93518799598115,0.0860000000000003,1.21675814821234
19,20,0.01,"shared",1.6780034637117,1.65831979905638,3.00239674942847e-17,7.91590352572255,6.87756444720728,0.0839999999999996,1.21675814821234
20,20,0.01,"shared",1.61704240730645,1.58888068082433,3.00239674942847e-17,6.81984143753387,7.59074449552394,0.0709999999999997,1.21675814821234
1,20,0.01,"independent",1.5272189618994,1.49869096525574,3.00239674942847e-17,7.67040884694986,8.8865484706339,0.0830000000000002,1.21675814821234
2,20,0.01,"independent",1.62863256132881,1.60188114458855,3.00239674942847e-17,7.54580888442285,5.62344015487381,0.0729999999999986,1.21675814821234
3,20,0.01,"independent",1.48829756512484,1.47066740424838,3.00239674942847e-17,6.8666070941612,6.10291692812471,0.0719999999999992,1.21675814821234
4,20,0.01,"independent",1.61980383121287,1.58468192862455,3.00239674942847e-17,7.9108877508338,7.52866521847365,0.0559999999999992,1.21675814821234
5,20,0.01,"independent",1.57532555390788,1.55445355846403,3.00239674942847e-17,8.4927587150604,7.13362673984611,0.0679999999999996,1.21675814821234
6,20,0.01,"independent",1.56014352065808,1.52944698089338,3.00239674942847e-17,8.34176039454079,8.99769812151559,0.0700000000000003,1.21675814821234
7,20,0.01,"independent",1.49525382566628,1.46588215371377,3.00239674942847e-17,7.6236207397675,7.41071324343924,0.0750000000000011,1.21675814821234
8,20,0.01,"independent",1.56306862572926,1.55279197994876,3.00239674942847e-17,6.81100198252432,6.10640227239079,0.0709999999999997,1.21675814821234
9,20,0.01,"independent",1.58664099497422,1.55179184636175,3.00239674942847e-17,5.80068631254968,7.0299533895956,0.0850000000000009,1.21675814821234
10,20,0.01,"independent",1.52478103839498,1.49173017007842,3.00239674942847e-17,8.45434738412598,7.75881376179739,0.0800000000000001,1.21675814821234
11,20,0.01,"independent",1.50825674695963,1.47136018229255,3.00239674942847e-17,7.50080554919553,6.87064880773322,0.0750000000000011,1.21675814821234
12,20,0.01,"independent",1.51893561367675,1.5032428716597,3.00239674942847e-17,6.69404267760996,7.60455823325817,0.0750000000000011,1.21675814821234
13,20,0.01,"independent",1.50782594523907,1.48909615169313,3.00239674942847e-17,6.06377553679989,6.20572097313525,0.0630000000000006,1.21675814821234
14,20,0.01,"independent",1.53951330258098,1.50566038901296,3.00239674942847e-17,6.10418567701957,7.55312215049544,0.0640000000000001,1.21675814821234
15,20,0.01,"independent",1.65988035274121,1.63527913408982,3.00239674942847e-17,9.00829791314236,7.30347901161361,0.0800000000000001,1.21675814821234
16,20,0.01,"independent",1.56853478974659,1.5377818148362,3.00239674942847e-17,7.94329273218722,6.01130011326268,0.0749999999999993,1.21675814821234
17,20,0.01,"independent",1.58016086650914,1.54591489163503,3.00239674942847e-17,7.63374574967956,6.54743222600305,0.0709999999999997,1.21675814821234
18,20,0.01,"independent",1.49715522977725,1.45946510850835,3.00239674942847e-17,6.73335446025918,7.04214400417458,0.0709999999999997,1.21675814821234
19,20,0.01,"independent",1.57822396239711,1.5418211595528,3.00239674942847e-17,7.56294621301054,8.09969933768614,0.0699999999999985,1.21675814821234
20,20,0.01,"independent",1.58529745747631,1.54148291548695,3.00239674942847e-17,7.02169471102938,8.17920187942114,0.0709999999999997,1.21675814821234
