"trial","rank","lambda","sketch","mult_prec","orth_prec","cov_error","transport_error","lambda_min_reg","condition_est","runtime","seed"
1,5,0.01,"gaussian","double","double",0.855800888287277,2.5913883894927,0.00999999999999989,119.672938269404,0.0440000000000005,301
2,5,0.01,"gaussian","double","double",0.734762731637821,2.2914490251621,0.00999999999999987,146.630665280016,0.0239999999999991,302
3,5,0.01,"gaussian","double","double",0.814248002583495,2.14842538375613,0.00999999999999972,197.044631737539,0.0600000000000005,303
4,5,0.01,"gaussian","double","double",1.02150125434776,2.25516909144595,0.00999999999999972,240.707823910852,0.00799999999999912,304
5,5,0.01,"gaussian","double","double",0.884342599957094,2.58176329288394,0.00999999999999986,149.299889052678,0.0149999999999988,305
6,5,0.01,"gaussian","double","double",0.821402147876237,2.22213336734129,0.00999999999999983,134.318304879973,0.011000000000001,306
7,5,0.01,"gaussian","double","double",0.828640600870728,2.20985440752356,0.00999999999999972,166.741777854633,0.00999999999999979,307
8,5,0.01,"gaussian","double","double",0.93308104842749,2.39754439932961,0.00999999999999988,186.00326494589,0.00900000000000034,308
9,5,0.01,"gaussian","double","double",0.881300914754196,2.38593616406733,0.00999999999999967,172.999473060174,0.00500000000000078,309
10,5,0.01,"gaussian","double","double",0.900152295596687,2.39311698907712,0.00999999999999986,114.978280579488,0.00699999999999967,310
1,5,0.01,"gaussian","single","double",0.831173627513931,2.52271699912556,0.00999999999999973,140.432898699187,0.00799999999999912,311
2,5,0.01,"gaussian","single","double",0.782972053618613,2.45606438848538,0.00999999999999986,116.302250572109,0.0120000000000005,312
3,5,0.01,"gaussian","single","double",0.778475952079089,2.16119098969417,0.00999999999999984,127.390768407673,0.00900000000000034,313
4,5,0.01,"gaussian","single","double",0.74534673709257,2.1912761258354,0.00999999999999982,184.959940889623,0.00699999999999967,314
5,5,0.01,"gaussian","single","double",0.778463361073172,2.31690193808691,0.00999999999999991,163.151339118488,0.00600000000000023,315
6,5,0.01,"gaussian","single","double",0.771183923362046,2.23302211400632,0.0099999999999998,145.146149202979,0.00799999999999912,316
7,5,0.01,"gaussian","single","double",0.94944782640159,2.48915438323038,0.00999999999999982,180.781414426593,0.00900000000000034,317
8,5,0.01,"gaussian","single","double",0.810675181132623,2.66175732418615,0.00999999999999986,154.340702350712,0.0109999999999992,318
9,5,0.01,"gaussian","single","double",0.883656482734653,2.02171527585253,0.0099999999999997,162.749461697112,0.00900000000000034,319
10,5,0.01,"gaussian","single","double",0.888425267203332,2.73486746086651,0.00999999999999976,171.720372140097,0.00999999999999979,320
1,5,1e-04,"gaussian","double","double",0.82241676747676,28.5596806325774,9.99999999997713e-05,13266.5047093435,0.00399999999999956,321
2,5,1e-04,"gaussian","double","double",0.91701502316912,24.5939271114656,9.99999999995961e-05,21584.9748938454,0.00999999999999979,322
3,5,1e-04,"gaussian","double","double",0.900197435169203,21.8461121755221,9.99999999998221e-05,17488.2001791731,0.00999999999999979,323
4,5,1e-04,"gaussian","double","double",0.801790169175729,26.2495479127036,9.99999999997922e-05,13680.7175372629,0.00899999999999856,324
5,5,1e-04,"gaussian","double","double",0.778594536725813,24.3870242756832,9.99999999998715e-05,13001.8661362011,0.00699999999999967,325
6,5,1e-04,"gaussian","double","double",0.851692773820566,26.3802585920295,9.9999999999896e-05,11402.0329558779,0.00699999999999967,326
7,5,1e-04,"gaussian","double","double",0.823361821854266,25.6326959267059,9.9999999999832e-05,12651.0181768617,0.00699999999999967,327
8,5,1e-04,"gaussian","double","double",0.843254940511295,24.5955300189202,9.99999999998298e-05,16254.9323894756,0.00699999999999967,328
9,5,1e-04,"gaussian","double","double",0.91322992093857,22.9617020201885,9.99999999998994e-05,14232.4791980214,0.00600000000000023,329
10,5,1e-04,"gaussian","double","double",0.856940159253589,29.672734563488,9.99999999999004e-05,12349.7502924291,0.00699999999999967,330
1,5,1e-04,"gaussian","single","double",0.916848905521182,23.8331592355606,9.99999999997309e-05,19365.9025744692,0.00699999999999967,331
2,5,1e-04,"gaussian","single","double",0.810848598195159,26.7842077418766,9.9999999999874e-05,10828.6939657269,0.00600000000000023,332
3,5,1e-04,"gaussian","single","double",0.770182562701389,24.3832500652844,9.99999999998872e-05,11379.7645353294,0.00699999999999967,333
4,5,1e-04,"gaussian","single","double",0.946378961759982,26.0587468218697,9.9999999999696e-05,22580.0241381162,0.0080000000000009,334
5,5,1e-04,"gaussian","single","double",0.882566519830336,23.2085281889717,9.99999999996206e-05,17435.6802516384,0.00999999999999979,335
6,5,1e-04,"gaussian","single","double",0.8138208310385,21.9902855308951,9.99999999997094e-05,15476.0380642224,0.00699999999999967,336
7,5,1e-04,"gaussian","single","double",0.816575087111565,24.7626231780739,9.99999999998513e-05,15040.8170106073,0.00500000000000078,337
8,5,1e-04,"gaussian","single","double",0.890464240944169,29.8460584568523,9.99999999998354e-05,13745.0465813429,0.00899999999999856,338
9,5,1e-04,"gaussian","single","double",0.828365362449397,23.8464192520383,9.99999999996291e-05,17293.454620027,0.00699999999999967,339
10,5,1e-04,"gaussian","single","double",0.790381506784099,28.2929031051083,9.99999999998182e-05,14521.1679688625,0.00700000000000145,340
1,5,1e-06,"gaussian","double","double",0.872375828426737,240.661198588577,9.99999999677596e-07,1323783.1434281,0.00699999999999967,341
2,5,1e-06,"gaussian","double","double",0.792424567494037,249.958535243744,9.9999999986284e-07,1594561.60478678,0.00900000000000034,342
3,5,1e-06,"gaussian","double","double",0.749420688605534,293.624137991889,9.99999999868184e-07,1552213.79618105,0.00799999999999912,343
4,5,1e-06,"gaussian","double","double",0.866221478637014,234.976051914755,9.99999999627852e-07,1653812.39342698,0.00600000000000023,344
5,5,1e-06,"gaussian","double","double",0.913623659898731,235.828271071018,9.99999999840123e-07,1698091.96364961,0.00399999999999956,345
6,5,1e-06,"gaussian","double","double",0.902798049051652,284.780664144584,9.99999999893473e-07,1557505.96753386,0.00799999999999912,346
7,5,1e-06,"gaussian","double","double",0.86603430267713,269.815684628573,9.99999999568502e-07,1540268.77119458,0.00600000000000023,347
8,5,1e-06,"gaussian","double","double",0.742972166369851,267.720502129052,9.99999999840524e-07,1321952.56792839,0.00600000000000023,348
9,5,1e-06,"gaussian","double","double",0.839263129686551,227.241380976911,9.9999999987387e-07,1332490.87859751,0.00699999999999967,349
10,5,1e-06,"gaussian","double","double",0.825344945271082,270.760772695596,9.99999999806947e-07,1081722.78187584,0.00699999999999967,350
1,5,1e-06,"gaussian","single","double",0.83723761656138,283.304295008979,9.99999999855793e-07,1182872.35700276,0.00500000000000078,351
2,5,1e-06,"gaussian","single","double",0.932619716772225,239.558154466988,9.99999999682647e-07,1917218.02194399,0.00699999999999967,352
3,5,1e-06,"gaussian","single","double",0.85182727062863,268.811611059044,9.99999999716913e-07,1418148.24042449,0.00699999999999967,353
4,5,1e-06,"gaussian","single","double",0.7831385088173,249.562451700301,9.99999999865927e-07,1320500.715255,0.00600000000000023,354
5,5,1e-06,"gaussian","single","double",0.953126437317284,240.736631075104,9.99999999761231e-07,2193004.25749734,0.00999999999999979,355
6,5,1e-06,"gaussian","single","double",0.907239646845615,279.995427945819,9.99999999722217e-07,2208472.65234967,0.00799999999999912,356
7,5,1e-06,"gaussian","single","double",0.816586787000701,291.810953883245,9.99999999880647e-07,1048763.66713177,0.00500000000000078,357
8,5,1e-06,"gaussian","single","double",0.707834468288124,267.755868920611,9.99999999779417e-07,1219686.98136391,0.00699999999999967,358
9,5,1e-06,"gaussian","single","double",0.851235449087574,221.219050582449,9.99999999725137e-07,1515827.55030768,0.00399999999999956,359
10,5,1e-06,"gaussian","single","double",0.873543337456346,253.23915212892,9.99999999649244e-07,1459314.55939912,0.00799999999999912,360
1,10,0.01,"gaussian","double","double",0.785136327350759,2.00882877782614,0.00999999999999969,308.250866050508,0.00900000000000034,361
2,10,0.01,"gaussian","double","double",0.698597105582538,2.00507860157702,0.00999999999999983,175.778290220521,0.00900000000000034,362
3,10,0.01,"gaussian","double","double",0.925247687605623,2.04100927964161,0.00999999999999974,311.684614678938,0.00700000000000145,363
4,10,0.01,"gaussian","double","double",0.756549749608689,2.27038415502567,0.0099999999999999,202.081317989874,0.00600000000000023,364
5,10,0.01,"gaussian","double","double",0.705945665675541,2.07374332996954,0.00999999999999966,231.402490612188,0.00600000000000023,365
6,10,0.01,"gaussian","double","double",0.723000488488762,1.98679697590506,0.00999999999999969,229.143652951936,0.00499999999999901,366
7,10,0.01,"gaussian","double","double",0.755447860785514,1.9291477381977,0.00999999999999979,249.61488949634,0.00700000000000145,367
8,10,0.01,"gaussian","double","double",0.76116945530437,2.19104815760079,0.00999999999999976,227.99955503873,0.00500000000000078,368
9,10,0.01,"gaussian","double","double",0.688756220226453,2.2797966680689,0.00999999999999988,173.373483606803,0.00699999999999967,369
10,10,0.01,"gaussian","double","double",0.739674375913489,2.15821931854987,0.00999999999999984,179.666040182163,0.00499999999999901,370
1,10,0.01,"gaussian","single","double",0.725792781354537,2.26645134068617,0.0099999999999998,200.573716905133,0.011000000000001,371
2,10,0.01,"gaussian","single","double",0.752111722718889,2.3262222085692,0.00999999999999983,175.033037911713,0.0080000000000009,372
3,10,0.01,"gaussian","single","double",0.813285678783882,1.96786530343196,0.00999999999999981,241.712573027314,0.00600000000000023,373
4,10,0.01,"gaussian","single","double",0.782307327097401,2.27585394139203,0.00999999999999985,189.780858478957,0.0080000000000009,374
5,10,0.01,"gaussian","single","double",0.851600925666862,2.10609645009715,0.00999999999999983,223.02974475495,0.027000000000001,375
6,10,0.01,"gaussian","single","double",0.721517338893175,2.12759393726334,0.00999999999999974,265.640576085547,0.0220000000000002,376
7,10,0.01,"gaussian","single","double",0.635677710083935,2.21595328208828,0.0099999999999998,172.718345776064,0.0169999999999995,377
8,10,0.01,"gaussian","single","double",0.676489122817821,2.11228188415973,0.00999999999999988,189.751023773811,0.0139999999999993,378
9,10,0.01,"gaussian","single","double",0.619285747735091,1.68525396946002,0.00999999999999976,169.435840653872,0.0119999999999987,379
10,10,0.01,"gaussian","single","double",0.75627776540335,2.03503663616812,0.00999999999999966,212.087707338183,0.00999999999999979,380
1,10,1e-04,"gaussian","double","double",0.709198510773028,23.9850358186945,9.99999999997056e-05,20713.7468831879,0.0240000000000009,381
2,10,1e-04,"gaussian","double","double",0.746795659043471,21.5418578033718,9.99999999996627e-05,23180.173556861,0.0309999999999988,382
3,10,1e-04,"gaussian","double","double",0.914227751155611,25.5775389396073,9.99999999997769e-05,26818.7228281556,0.0789999999999988,383
4,10,1e-04,"gaussian","double","double",0.846561058317705,21.43449880961,9.99999999997839e-05,33014.9221269583,0.0519999999999996,384
5,10,1e-04,"gaussian","double","double",0.711418507638808,21.5284809514463,9.99999999997693e-05,21679.9605862564,0.0180000000000007,385
6,10,1e-04,"gaussian","double","double",0.82834583535991,23.8315087724495,9.99999999997391e-05,19596.4048784539,0.0180000000000007,386
7,10,1e-04,"gaussian","double","double",0.641993627606576,20.9443647883584,9.99999999998395e-05,24978.5046555853,0.00699999999999967,387
8,10,1e-04,"gaussian","double","double",0.767642794793023,25.4817871669913,9.99999999998355e-05,19547.9325427938,0.0109999999999992,388
9,10,1e-04,"gaussian","double","double",0.681324670489549,24.613446018753,9.9999999999842e-05,18347.4298417815,0.0220000000000002,389
10,10,1e-04,"gaussian","double","double",0.700632643354778,21.8648308911163,9.99999999997975e-05,27416.1656117796,0.0080000000000009,390
1,10,1e-04,"gaussian","single","double",0.680917548166751,21.354994378471,9.99999999998582e-05,19076.1520649195,0.0440000000000005,391
2,10,1e-04,"gaussian","single","double",0.650650049732457,22.6229520222295,9.99999999998228e-05,21755.0880558278,0.0310000000000006,392
3,10,1e-04,"gaussian","single","double",0.613083947215388,22.1462099064699,9.99999999998179e-05,17967.8031169501,0.020999999999999,393
4,10,1e-04,"gaussian","single","double",0.673628182938896,23.4605618822211,9.9999999999837e-05,17930.2408999521,0.00999999999999979,394
5,10,1e-04,"gaussian","single","double",0.623307294569773,24.668644183366,9.99999999998191e-05,14430.1141133382,0.0109999999999992,395
6,10,1e-04,"gaussian","single","double",0.707063804102288,23.4602824523097,9.99999999998214e-05,25549.6353963006,0.011000000000001,396
7,10,1e-04,"gaussian","single","double",0.737441949580089,24.6851614477961,9.99999999996632e-05,23125.2107274402,0.00899999999999856,397
8,10,1e-04,"gaussian","single","double",0.67967393600204,25.6231380452475,9.9999999999633e-05,21614.9392661721,0.00699999999999967,398
9,10,1e-04,"gaussian","single","double",0.731924979906914,24.0584042178392,9.99999999998729e-05,19000.9754281514,0.00600000000000023,399
10,10,1e-04,"gaussian","single","double",0.768218807505517,25.0486410220381,9.99999999998661e-05,20281.6846051951,0.00999999999999979,400
1,10,1e-06,"gaussian","double","double",0.752425540669691,235.576454476993,9.99999999839405e-07,2345334.61637052,0.0109999999999992,401
2,10,1e-06,"gaussian","double","double",0.676080173685891,250.352512640054,9.99999999758259e-07,2026103.43523246,0.00899999999999856,402
3,10,1e-06,"gaussian","double","double",0.71132874894255,240.501614576686,9.99999999820923e-07,1913040.57183525,0.00799999999999912,403
4,10,1e-06,"gaussian","double","double",0.701367815832309,231.056948191081,9.9999999976096e-07,2244483.3690851,0.00699999999999967,404
5,10,1e-06,"gaussian","double","double",0.713747630097191,232.957161198759,9.99999999644704e-07,2325452.20294741,0.00600000000000023,405
6,10,1e-06,"gaussian","double","double",0.81042600182273,224.477594966382,9.99999999838979e-07,2220031.77703049,0.00699999999999967,406
7,10,1e-06,"gaussian","double","double",0.801168788911569,241.402139039083,9.99999999844938e-07,2232786.66698969,0.00600000000000023,407
8,10,1e-06,"gaussian","double","double",0.66756650817571,200.907375927572,9.99999999570779e-07,2213445.60598024,0.00699999999999967,408
9,10,1e-06,"gaussian","double","double",0.690572211984087,227.842619215902,9.99999999807468e-07,1622990.51165096,0.00900000000000034,409
10,10,1e-06,"gaussian","double","double",0.696111649637627,236.441734153082,9.99999999762274e-07,2226561.94143298,0.00699999999999967,410
1,10,1e-06,"gaussian","single","double",0.744144729953395,227.622100093258,9.99999999858243e-07,2167864.2761515,0.00600000000000023,411
2,10,1e-06,"gaussian","single","double",0.726393726991717,222.336008484347,9.99999999858221e-07,2111198.59319421,0.00699999999999967,412
3,10,1e-06,"gaussian","single","double",0.720078136363257,252.756516551804,9.9999999981253e-07,1928565.58788457,0.00799999999999912,413
4,10,1e-06,"gaussian","single","double",0.86863944700409,219.156517597753,9.99999999806478e-07,2795219.90485504,0.00899999999999856,414
5,10,1e-06,"gaussian","single","double",0.828209542673629,209.331191970697,9.99999999800687e-07,2498297.65408971,0.00600000000000023,415
6,10,1e-06,"gaussian","single","double",0.730196785080389,231.201933162933,9.99999999849029e-07,2522025.88611193,0.00600000000000023,416
7,10,1e-06,"gaussian","single","double",0.869061148468425,230.483657112658,9.99999999726587e-07,2622943.43515436,0.00999999999999979,417
8,10,1e-06,"gaussian","single","double",0.691943198651736,233.571978352012,9.99999999804104e-07,2735157.7846126,0.00600000000000023,418
9,10,1e-06,"gaussian","single","double",0.687517221868499,234.965207678562,9.99999999862396e-07,2729949.38834082,0.00700000000000145,419
10,10,1e-06,"gaussian","single","double",0.793024619409296,250.87719727473,9.99999999812955e-07,2648488.74524763,0.0080000000000009,420
1,15,0.01,"gaussian","double","double",0.712427508348446,1.47321145001092,0.0099999999999998,210.842632897953,0.00399999999999956,421
2,15,0.01,"gaussian","double","double",0.690597939323522,1.69298724180185,0.00999999999999989,208.409708516449,0.0080000000000009,422
3,15,0.01,"gaussian","double","double",0.632601188811843,1.71570150196485,0.00999999999999986,176.308214910777,0.00699999999999967,423
4,15,0.01,"gaussian","double","double",0.711754202172055,1.81028332413476,0.00999999999999989,241.844557433193,0.00699999999999967,424
5,15,0.01,"gaussian","double","double",0.704621079698314,1.68712182666723,0.00999999999999981,207.170552427583,0.00900000000000034,425
6,15,0.01,"gaussian","double","double",0.668418941699167,1.51035651042116,0.00999999999999988,247.563780176425,0.0119999999999987,426
7,15,0.01,"gaussian","double","double",0.64395682082051,1.60203857061306,0.0099999999999998,250.589784297645,0.00999999999999979,427
8,15,0.01,"gaussian","double","double",0.673509735600932,1.72181146211572,0.00999999999999986,217.032757639838,0.011000000000001,428
9,15,0.01,"gaussian","double","double",0.693473585211005,1.76152972146156,0.00999999999999979,224.409220661819,0.00900000000000034,429
10,15,0.01,"gaussian","double","double",0.658956840961884,1.67238118341979,0.00999999999999989,195.085090240845,0.011000000000001,430
1,15,0.01,"gaussian","single","double",0.680661222333522,1.51442853668545,0.00999999999999989,224.325666252113,0.0190000000000001,431
2,15,0.01,"gaussian","single","double",0.577083024482386,1.8194357871938,0.00999999999999987,218.541513331056,0.011000000000001,432
3,15,0.01,"gaussian","single","double",0.696476715579606,1.6229332941705,0.00999999999999979,230.081157878589,0.0120000000000005,433
4,15,0.01,"gaussian","single","double",0.681921542111807,1.85916793734899,0.0099999999999999,280.580776850149,0.011000000000001,434
5,15,0.01,"gaussian","single","double",0.593043823398783,1.6018848376785,0.00999999999999981,221.625893767786,0.0139999999999993,435
6,15,0.01,"gaussian","single","double",0.838403479347004,1.85053239817223,0.00999999999999972,267.4077578121,0.0180000000000007,436
7,15,0.01,"gaussian","single","double",0.665017179843304,1.67613383829922,0.00999999999999981,249.867635875146,0.0179999999999989,437
8,15,0.01,"gaussian","single","double",0.672118410720827,1.61469555506939,0.00999999999999984,207.292530675317,0.00600000000000023,438
9,15,0.01,"gaussian","single","double",0.625601654380253,1.61154161571537,0.0099999999999998,230.992845571248,0.0190000000000001,439
10,15,0.01,"gaussian","single","double",0.63626375837283,1.53516083387927,0.00999999999999979,382.832501604112,0.0250000000000004,440
1,15,1e-04,"gaussian","double","double",0.657217382414991,16.9832871340189,9.9999999999813e-05,27759.1527521148,0.00899999999999856,441
2,15,1e-04,"gaussian","double","double",0.758845278471715,17.6353426451451,9.99999999998119e-05,30669.9099707008,0.00899999999999856,442
3,15,1e-04,"gaussian","double","double",0.659829925268708,18.2115847198081,9.99999999998822e-05,20335.8777569556,0.0109999999999992,443
4,15,1e-04,"gaussian","double","double",0.650580712481957,18.9595730193137,9.99999999998286e-05,22926.1260785594,0.0199999999999996,444
5,15,1e-04,"gaussian","double","double",0.603813462083128,16.4867637846091,9.99999999997502e-05,31373.6842420856,0.0129999999999999,445
6,15,1e-04,"gaussian","double","double",0.586760440654169,17.9980836824744,9.9999999999759e-05,26372.6559473507,0.00999999999999979,446
7,15,1e-04,"gaussian","double","double",0.698669792916272,19.2516301271428,9.99999999996245e-05,19051.4961697055,0.00600000000000023,447
8,15,1e-04,"gaussian","double","double",0.608509051405163,18.4422476501589,9.99999999998692e-05,22993.0499372554,0.0080000000000009,448
9,15,1e-04,"gaussian","double","double",0.649026074742664,16.0028050215808,9.99999999998743e-05,21482.6735845607,0.00799999999999912,449
10,15,1e-04,"gaussian","double","double",0.642244031689248,17.9342540150074,9.99999999998385e-05,22502.406470766,0.0129999999999999,450
1,15,1e-04,"gaussian","single","double",0.666921637326569,15.4882255596083,9.99999999997981e-05,32879.1203150125,0.00699999999999967,451
2,15,1e-04,"gaussian","single","double",0.693429432887669,17.9237288659608,9.9999999999851e-05,25831.2308473239,0.00900000000000034,452
3,15,1e-04,"gaussian","single","double",0.87818694446631,17.8926158330455,9.99999999996497e-05,30565.6124612058,0.0109999999999992,453
4,15,1e-04,"gaussian","single","double",0.691438274925653,19.3911059123099,9.99999999998857e-05,26591.0771629647,0.0139999999999993,454
5,15,1e-04,"gaussian","single","double",0.555215131306359,17.4230406905468,9.9999999999827e-05,24815.3419746935,0.0980000000000008,455
6,15,1e-04,"gaussian","single","double",0.742532418456944,19.0104095701335,9.99999999997212e-05,28092.7639810904,0.145,456
7,15,1e-04,"gaussian","single","double",0.760090027362119,18.7978088625389,9.99999999997172e-05,33483.1447723512,0.205,457
8,15,1e-04,"gaussian","single","double",0.662386738394803,18.3668869522302,9.99999999998444e-05,23069.2428778693,0.167,458
9,15,1e-04,"gaussian","single","double",0.676007805094896,18.5786429819875,9.99999999998605e-05,28758.6299176941,0.0239999999999991,459
10,15,1e-04,"gaussian","single","double",0.677189784650433,17.3955955347516,9.99999999998767e-05,27438.5081762503,0.00999999999999979,460
1,15,1e-06,"gaussian","double","double",0.636288620712801,200.036357917576,9.99999999872051e-07,2220455.79203213,0.00900000000000034,461
2,15,1e-06,"gaussian","double","double",0.602258820200037,193.202154989272,9.99999999837069e-07,2153811.91983917,0.0119999999999987,462
3,15,1e-06,"gaussian","double","double",0.615547373048343,164.52745030528,9.99999999825307e-07,2277376.10772453,0.00799999999999912,463
4,15,1e-06,"gaussian","double","double",0.635322586077856,197.659914956223,9.99999999730434e-07,2267192.06257936,0.0109999999999992,464
5,15,1e-06,"gaussian","double","double",0.67696210671514,201.514385242281,9.99999999880673e-07,2413274.45393426,0.0129999999999999,465
6,15,1e-06,"gaussian","double","double",0.642912668127664,192.492513920861,9.99999999831491e-07,2766178.71839396,0.016,466
7,15,1e-06,"gaussian","double","double",0.703548239221079,188.673772730897,9.99999999855803e-07,2556703.89735376,0.0660000000000007,467
8,15,1e-06,"gaussian","double","double",0.68595877968897,193.066466654401,9.99999999858595e-07,2920779.05287461,0.0210000000000008,468
9,15,1e-06,"gaussian","double","double",0.750886558490095,184.911824332963,9.99999999763853e-07,2661388.77950236,0.0749999999999993,469
10,15,1e-06,"gaussian","double","double",0.723715012305831,177.860046238701,9.99999999824401e-07,2668059.19514596,0.043000000000001,470
1,15,1e-06,"gaussian","single","double",0.71897043948595,175.81769683136,9.99999999744175e-07,2334963.73691821,0.0370000000000008,471
2,15,1e-06,"gaussian","single","double",0.722519209574248,180.049138139701,9.99999999715053e-07,2831499.63912957,0.020999999999999,472
3,15,1e-06,"gaussian","single","double",0.665856518702173,183.439123201534,9.99999999772125e-07,3162161.75250483,0.146000000000001,473
4,15,1e-06,"gaussian","single","double",0.59569827481872,205.570767102342,9.99999999860312e-07,2325620.23625979,0.0779999999999994,474
5,15,1e-06,"gaussian","single","double",0.671556893066494,200.378336761653,9.99999999823631e-07,2542408.86368812,0.0340000000000007,475
6,15,1e-06,"gaussian","single","double",0.702542316756186,194.160064355583,9.99999999808582e-07,2880120.50813573,0.195,476
7,15,1e-06,"gaussian","single","double",0.70993928448294,169.227379654595,9.99999999809452e-07,2856468.52198351,0.032,477
8,15,1e-06,"gaussian","single","double",0.655173680454859,182.676624100613,9.99999999857096e-07,2257710.92479845,0.0140000000000011,478
9,15,1e-06,"gaussian","single","double",0.679195118065428,175.320784005197,9.99999999751441e-07,3955712.09801065,0.0139999999999993,479
10,15,1e-06,"gaussian","single","double",0.711040121789232,180.195856380501,9.99999999834711e-07,2736914.61322959,0.0139999999999993,480
1,20,0.01,"gaussian","double","double",0.768391068392302,1.31610691206522,0.0099999999999998,230.375309410393,0.0119999999999987,481
2,20,0.01,"gaussian","double","double",0.5908525893257,1.16682931910998,0.00999999999999979,248.356240426122,0.0250000000000004,482
3,20,0.01,"gaussian","double","double",0.658343950556674,1.33759098575342,0.00999999999999988,214.585128933939,0.0279999999999987,483
4,20,0.01,"gaussian","double","double",0.666865479288369,1.24896682467096,0.00999999999999991,308.709729808649,0.0339999999999989,484
5,20,0.01,"gaussian","double","double",0.676745249776848,1.26204456088601,0.00999999999999981,245.515989165689,0.0250000000000004,485
6,20,0.01,"gaussian","double","double",0.786103549701058,1.23041168012824,0.00999999999999983,282.203161950522,0.0190000000000001,486
7,20,0.01,"gaussian","double","double",0.610055228229498,1.27259815690271,0.00999999999999988,285.598685745231,0.0150000000000006,487
8,20,0.01,"gaussian","double","double",0.711054929133125,1.28136526970363,0.00999999999999987,268.355032543479,0.0169999999999995,488
9,20,0.01,"gaussian","double","double",0.696065975599538,1.3801971202563,0.00999999999999984,186.494193457333,0.0120000000000005,489
10,20,0.01,"gaussian","double","double",0.681856586083644,1.29584812229925,0.00999999999999988,287.139605332235,0.0140000000000011,490
1,20,0.01,"gaussian","single","double",0.5882111771035,1.47614751337619,0.00999999999999988,195.6021868102,0.00900000000000034,491
2,20,0.01,"gaussian","single","double",0.742674350424894,1.23799477776406,0.00999999999999984,216.955379426932,0.0370000000000008,492
3,20,0.01,"gaussian","single","double",0.586968184011789,1.29457413206982,0.00999999999999988,231.930699844999,0.0129999999999999,493
4,20,0.01,"gaussian","single","double",0.590917027753456,1.32483019076147,0.00999999999999987,215.137309002287,0.0139999999999993,494
5,20,0.01,"gaussian","single","double",0.551716297439881,1.39324570577746,0.00999999999999983,176.415158706751,0.0169999999999995,495
6,20,0.01,"gaussian","single","double",0.711729838704975,1.42485739739627,0.00999999999999987,252.883678137893,0.0310000000000006,496
7,20,0.01,"gaussian","single","double",0.752351977123564,1.45865950228142,0.00999999999999988,275.128373711266,0.0519999999999996,497
8,20,0.01,"gaussian","single","double",0.627269280999166,1.19535986862953,0.00999999999999977,226.865879968129,0.0729999999999986,498
9,20,0.01,"gaussian","single","double",0.59263922192678,1.35507743316932,0.00999999999999992,221.291939880405,0.248000000000001,499
10,20,0.01,"gaussian","single","double",0.622829225253095,1.12947884775223,0.00999999999999987,270.144041482581,0.0670000000000002,500
1,20,1e-04,"gaussian","double","double",0.675894975766109,14.8799760212795,9.99999999998698e-05,32913.2093028124,0.145,501
2,20,1e-04,"gaussian","double","double",0.65067986769427,13.7407906493313,9.99999999998165e-05,22061.4874907072,0.337,502
3,20,1e-04,"gaussian","double","double",0.62896888289922,13.8405249164806,9.99999999999308e-05,32026.2869304725,0.112,503
4,20,1e-04,"gaussian","double","double",0.684572688763179,13.5480968240116,9.99999999999019e-05,26570.7585079966,0.0109999999999992,504
5,20,1e-04,"gaussian","double","double",0.63397921758998,13.6986354969429,9.9999999999818e-05,37980.2799578261,0.0150000000000006,505
6,20,1e-04,"gaussian","double","double",0.63547733445649,12.6165803377655,9.99999999999312e-05,40460.9547986252,0.0150000000000006,506
7,20,1e-04,"gaussian","double","double",0.675187429342959,13.6291924042357,9.99999999998946e-05,31765.5665317051,0.0250000000000004,507
8,20,1e-04,"gaussian","double","double",0.643605877007071,12.7051456070628,9.99999999998336e-05,35446.654258384,0.0259999999999998,508
9,20,1e-04,"gaussian","double","double",0.561409357017989,12.1857496675608,9.99999999998162e-05,32995.8726468321,0.020999999999999,509
10,20,1e-04,"gaussian","double","double",0.664915463115235,14.9971902845556,9.99999999997647e-05,27776.3896676661,0.0210000000000008,510
1,20,1e-04,"gaussian","single","double",0.640799192565728,15.0640425972479,9.99999999997731e-05,29365.1945147627,0.0259999999999998,511
2,20,1e-04,"gaussian","single","double",0.69953283483775,13.320844992165,9.99999999998247e-05,29644.3375014712,0.016,512
3,20,1e-04,"gaussian","single","double",0.671046662837401,12.0009182335063,9.99999999998087e-05,31245.7029556879,0.0440000000000005,513
4,20,1e-04,"gaussian","single","double",0.849733687506745,13.292136335841,9.99999999998528e-05,38975.8484502532,0.0169999999999995,514
5,20,1e-04,"gaussian","single","double",0.711797231197268,13.019152764976,9.99999999998155e-05,32737.2368866221,0.016,515
6,20,1e-04,"gaussian","single","double",0.627583766578932,12.8194903311205,9.99999999998881e-05,32707.1838794316,0.0170000000000012,516
7,20,1e-04,"gaussian","single","double",0.802438488188445,12.4897560294166,9.99999999998337e-05,54546.1548934381,0.0129999999999999,517
8,20,1e-04,"gaussian","single","double",0.62407071554241,11.9011687472286,9.99999999998618e-05,27435.8188660907,0.0150000000000006,518
9,20,1e-04,"gaussian","single","double",0.798856703608849,13.1660537178554,9.99999999998646e-05,40160.7053985614,0.0259999999999998,519
10,20,1e-04,"gaussian","single","double",0.653986462051861,15.0012594390053,9.99999999998558e-05,29124.9050751704,0.0199999999999996,520
1,20,1e-06,"gaussian","double","double",0.787165263546483,119.449418611263,9.99999999881628e-07,4138991.91424371,0.0140000000000011,521
2,20,1e-06,"gaussian","double","double",0.661553742501395,145.026015335953,9.99999999893035e-07,3106213.49153937,0.0299999999999994,522
3,20,1e-06,"gaussian","double","double",0.685498532419205,156.446635812326,9.99999999844158e-07,3073275.56022845,0.0299999999999994,523
4,20,1e-06,"gaussian","double","double",0.596884520197559,129.11622948875,9.99999999801424e-07,3299472.42194475,0.0199999999999996,524
5,20,1e-06,"gaussian","double","double",0.939931898233614,127.889690793199,9.9999999972907e-07,4213708.43965605,0.00900000000000034,525
6,20,1e-06,"gaussian","double","double",0.630691568417446,128.300922785547,9.99999999918157e-07,3142247.51592146,0.0100000000000016,526
7,20,1e-06,"gaussian","double","double",0.860128407890759,132.27892282464,9.99999999755164e-07,3869521.09538431,0.00799999999999912,527
8,20,1e-06,"gaussian","double","double",0.710766106694807,137.142637576893,9.9999999988047e-07,2779360.68750871,0.00799999999999912,528
9,20,1e-06,"gaussian","double","double",0.638603737733326,135.349757264912,9.99999999912284e-07,2656409.56927372,0.0239999999999991,529
10,20,1e-06,"gaussian","double","double",0.669437004859474,133.570651202295,9.99999999864357e-07,2841658.87225857,0.0489999999999995,530
1,20,1e-06,"gaussian","single","double",0.606497463608397,146.55531844767,9.99999999872659e-07,2890384.70297931,0.0149999999999988,531
2,20,1e-06,"gaussian","single","double",0.759064243650776,141.773186845311,9.99999999879287e-07,3548374.29159743,0.0109999999999992,532
3,20,1e-06,"gaussian","single","double",0.777998344732937,116.468197980827,9.99999999814657e-07,4151693.59361769,0.00699999999999967,533
4,20,1e-06,"gaussian","single","double",0.628528357911096,143.811947690703,9.99999999854703e-07,3668005.42065819,0.00600000000000023,534
5,20,1e-06,"gaussian","single","double",0.68687002974512,126.00330747784,9.99999999931796e-07,3552008.31020834,0.0139999999999993,535
6,20,1e-06,"gaussian","single","double",0.650232572146839,147.801412541199,9.99999999882948e-07,2762868.43692268,0.011000000000001,536
7,20,1e-06,"gaussian","single","double",0.637293648239831,129.449274506208,9.99999999819854e-07,2608729.67049435,0.0939999999999994,537
8,20,1e-06,"gaussian","single","double",0.689211048950225,139.018349952568,9.99999999810995e-07,3446147.25648792,0.0249999999999986,538
9,20,1e-06,"gaussian","single","double",0.644586346383866,146.703809182964,9.99999999839564e-07,3613762.71619633,0.0169999999999995,539
10,20,1e-06,"gaussian","single","double",0.593862345989202,127.870077866368,9.99999999852545e-07,2618058.41282153,0.0199999999999996,540
1,25,0.01,"gaussian","double","double",0.626714410532339,1.06222081346871,0.00999999999999993,241.489591809454,0.032,541
2,25,0.01,"gaussian","double","double",0.639925740560664,0.990186282124016,0.00999999999999992,203.158227870011,0.0410000000000004,542
3,25,0.01,"gaussian","double","double",0.591012636764558,1.06851829480939,0.00999999999999996,219.125508996106,0.0380000000000003,543
4,25,0.01,"gaussian","double","double",0.724614788055638,1.25267809448305,0.00999999999999988,243.84108998555,0.022000000000002,544
5,25,0.01,"gaussian","double","double",0.638822275948953,1.09856885953118,0.00999999999999995,238.423942680302,0.0210000000000008,545
6,25,0.01,"gaussian","double","double",0.692552979251272,1.16863612147813,0.0099999999999999,240.167919414401,0.0479999999999983,546
7,25,0.01,"gaussian","double","double",0.638269970668796,1.0883505469491,0.00999999999999986,254.04681797085,0.0350000000000001,547
8,25,0.01,"gaussian","double","double",0.634628502347232,1.20614377564244,0.00999999999999992,235.751759278452,0.145999999999997,548
9,25,0.01,"gaussian","double","double",0.729214776368488,1.03034000138417,0.00999999999999987,174.591473719506,0.0429999999999993,549
10,25,0.01,"gaussian","double","double",0.569425038960893,1.35228403616894,0.00999999999999993,170.084657988887,0.117999999999999,550
1,25,0.01,"gaussian","single","double",0.691789486892321,1.17372604901061,0.00999999999999993,187.683093395414,0.103999999999999,551
2,25,0.01,"gaussian","single","double",0.589667391710919,1.1727626986467,0.00999999999999992,222.171734715452,0.299000000000003,552
3,25,0.01,"gaussian","single","double",0.618735462831033,1.10676332711059,0.00999999999999987,210.933481138061,0.314,553
4,25,0.01,"gaussian","single","double",0.736666541966638,1.09842114998081,0.00999999999999995,242.186914483243,0.257999999999999,554
5,25,0.01,"gaussian","single","double",0.656604171633357,1.06077167663511,0.00999999999999998,240.554329336544,0.16,555
6,25,0.01,"gaussian","single","double",0.664526340311819,0.968190959008118,0.00999999999999991,245.866619197473,0.184999999999999,556
7,25,0.01,"gaussian","single","double",0.529280367775693,1.09684623147246,0.00999999999999989,196.414596638736,0.155999999999999,557
8,25,0.01,"gaussian","single","double",0.725832501657527,1.05675748828322,0.00999999999999998,255.346062502633,0.0429999999999993,558
9,25,0.01,"gaussian","single","double",0.592678323997433,1.06636394883306,0.00999999999999995,203.202536319803,0.0199999999999996,559
10,25,0.01,"gaussian","single","double",0.564585465846239,1.16244358172052,0.00999999999999993,137.513052697718,0.0219999999999985,560
1,25,1e-04,"gaussian","double","double",0.57892917832132,8.55834538923357,9.99999999999517e-05,36373.7367301913,0.209,561
2,25,1e-04,"gaussian","double","double",0.65858219213956,9.94902888479131,9.99999999999678e-05,43633.7389096756,0.157,562
3,25,1e-04,"gaussian","double","double",0.755435482394097,9.01997038656265,9.99999999999347e-05,38256.8093226543,0.321999999999999,563
4,25,1e-04,"gaussian","double","double",0.610484725327123,9.37916664053456,9.99999999999044e-05,43159.990051997,0.032,564
5,25,1e-04,"gaussian","double","double",0.649180835614673,9.64340339849885,9.99999999999047e-05,46313.7321210214,0.0279999999999987,565
6,25,1e-04,"gaussian","double","double",0.596427920377557,8.14140672180389,9.99999999999145e-05,29013.1772584714,0.0399999999999991,566
7,25,1e-04,"gaussian","double","double",0.699861459205408,9.01860099199668,9.99999999998825e-05,41678.6095744983,0.0240000000000009,567
8,25,1e-04,"gaussian","double","double",0.750271144534618,8.25869455785974,9.99999999998959e-05,53735.6603018216,0.0289999999999999,568
9,25,1e-04,"gaussian","double","double",0.625621054628499,8.21662127880343,9.99999999999599e-05,43074.2249690272,0.0150000000000006,569
10,25,1e-04,"gaussian","double","double",0.571493199085926,8.68514792146727,9.99999999999353e-05,40919.0423488062,0.0109999999999992,570
1,25,1e-04,"gaussian","single","double",0.693599893174522,8.19723725565925,9.99999999999244e-05,41124.2450456706,0.0150000000000006,571
2,25,1e-04,"gaussian","single","double",0.668655071632623,8.76487442587887,9.99999999999017e-05,37540.5559572113,0.0150000000000006,572
3,25,1e-04,"gaussian","single","double",0.683887259120788,9.06832458146595,9.99999999999297e-05,46755.1588404569,0.0130000000000017,573
4,25,1e-04,"gaussian","single","double",0.68433692286714,8.78658702544098,9.9999999999941e-05,36193.5253440412,0.0120000000000005,574
5,25,1e-04,"gaussian","single","double",0.58526166870928,9.21545134057037,9.99999999998812e-05,38302.2213616564,0.0280000000000022,575
6,25,1e-04,"gaussian","single","double",0.561302029898048,8.32341233763577,9.99999999998819e-05,32068.185593669,0.0240000000000009,576
7,25,1e-04,"gaussian","single","double",0.655680675182517,8.53235029288294,9.99999999998392e-05,34887.3345541129,0.0330000000000013,577
8,25,1e-04,"gaussian","single","double",0.678532904490539,9.06249838576303,9.99999999998035e-05,52826.253530684,0.0240000000000009,578
9,25,1e-04,"gaussian","single","double",0.600369300852864,7.15537964475204,9.99999999998793e-05,40430.3733499581,0.0350000000000001,579
10,25,1e-04,"gaussian","single","double",0.637900663974585,7.91358961488158,9.99999999999064e-05,34555.7922437207,0.102,580
1,25,1e-06,"gaussian","double","double",0.575065569303265,88.4825333343576,9.99999999889607e-07,4371497.6639562,0.0100000000000016,581
2,25,1e-06,"gaussian","double","double",0.707145664169738,84.2559437674016,9.99999999896487e-07,6104370.88040041,0.0069999999999979,582
3,25,1e-06,"gaussian","double","double",0.815399087980377,102.327581370473,9.99999999915345e-07,5001780.13530418,0.0109999999999992,583
4,25,1e-06,"gaussian","double","double",0.526141446072814,87.0058944736561,9.99999999904317e-07,3670586.78538491,0.0109999999999992,584
5,25,1e-06,"gaussian","double","double",0.719763293058258,89.1896712648924,9.99999999894648e-07,4121736.27892703,0.0139999999999993,585
6,25,1e-06,"gaussian","double","double",0.580396224872332,91.8486080913887,9.99999999887997e-07,3359975.53977611,0.0100000000000016,586
7,25,1e-06,"gaussian","double","double",0.821838538516927,93.1563554697652,9.9999999992916e-07,4370906.05067541,0.0100000000000016,587
8,25,1e-06,"gaussian","double","double",0.553893870796371,104.341949762065,9.99999999924006e-07,3659903.83061761,0.00899999999999679,588
9,25,1e-06,"gaussian","double","double",0.600917471474588,97.7188574087909,9.99999999983305e-07,4871530.55824556,0.0140000000000029,589
10,25,1e-06,"gaussian","double","double",0.74149736950616,72.0930479361854,9.99999999909631e-07,5309227.95962639,0.0139999999999993,590
1,25,1e-06,"gaussian","single","double",0.637374545286438,89.4790293800488,9.99999999923206e-07,4911801.50404637,0.00800000000000267,591
2,25,1e-06,"gaussian","single","double",0.63136914981488,97.3276237787231,9.99999999874698e-07,3769633.62581231,0.00800000000000267,592
3,25,1e-06,"gaussian","single","double",0.639024147644402,75.5817572563796,9.9999999993248e-07,4803184.94550972,0.0189999999999984,593
4,25,1e-06,"gaussian","single","double",0.638377794423514,92.1123705432036,9.99999999917479e-07,5545995.50454505,0.0329999999999977,594
5,25,1e-06,"gaussian","single","double",0.650029396425963,75.852116361917,9.99999999926997e-07,4532174.75940918,0.0139999999999993,595
6,25,1e-06,"gaussian","single","double",0.670856109812867,86.2653610492916,9.9999999992221e-07,4308120.2463166,0.0259999999999998,596
7,25,1e-06,"gaussian","single","double",0.744228793839296,84.8307974166507,9.99999999913064e-07,5154155.80657559,0.070999999999998,597
8,25,1e-06,"gaussian","single","double",0.702398383749721,82.3230851639704,9.99999999978747e-07,4773116.20179062,0.0389999999999979,598
9,25,1e-06,"gaussian","single","double",0.591402209073338,84.7701970622443,9.99999999940321e-07,3931396.15110335,0.0300000000000011,599
10,25,1e-06,"gaussian","single","double",0.508633777954386,92.5457717387088,9.99999999874494e-07,4363984.49722776,0.0429999999999993,600
