"s","sketch_prec","solve_prec","trial","residual_ratio","solution_error","condition_number"
50,"double","double",1,1.32796836412338,0.0194846000255745,6.76950820322853
50,"double","double",2,1.31889355099218,0.0186311270843861,7.15071392813395
50,"double","double",3,1.36577882617434,0.0212802158511601,7.33917268493688
50,"double","double",4,1.20307453676397,0.0156492759978928,5.98311401948957
50,"double","double",5,1.19925600893458,0.0149302083637091,7.3743364104861
50,"double","double",6,1.25910686654519,0.0170179054995399,9.69353113675509
50,"double","double",7,1.34867008385422,0.0201961933499311,6.59441272447599
50,"double","double",8,1.15374582580558,0.0123154365940315,7.192776215662
50,"double","double",9,1.27522238728329,0.0179942902879208,7.89217765721686
50,"double","double",10,1.23016543215628,0.0156144848748756,7.81366100966383
50,"double","double",11,1.24314409765938,0.015622369808413,6.36530353619308
50,"double","double",12,1.2849265721193,0.0177273363357275,6.7708746068977
50,"double","double",13,1.30168746678541,0.0190390853311116,5.63940773509153
50,"double","double",14,1.4077372886006,0.0223461351541265,6.87933062314815
50,"double","double",15,1.2923253364243,0.0185973311018968,6.17438248525162
50,"double","double",16,1.3130642561291,0.0197786721355591,7.78452229751711
50,"double","double",17,1.15975621661916,0.0135709251542963,8.87317960479697
50,"double","double",18,1.25549096690392,0.0175239542075119,5.90392162300349
50,"double","double",19,1.37198396464694,0.0212176912270419,9.21142829400405
50,"double","double",20,1.28765436028256,0.0176246463576304,6.02368539624365
50,"single","double",1,1.17862975186684,0.0142981061862094,8.2807984678889
50,"single","double",2,1.15206912667869,0.0131283054522027,10.9807481011828
50,"single","double",3,1.5856751073329,0.0288472969324423,10.3252668025559
50,"single","double",4,1.35216059725687,0.0204685363056602,5.56727383109641
50,"single","double",5,1.4912050112173,0.0243427982505821,6.82099069744639
50,"single","double",6,1.43883988393137,0.0243518961386705,7.16674669346284
50,"single","double",7,1.25880276037111,0.0171042256947047,7.56070262209274
50,"single","double",8,1.32325539381386,0.0197490754112959,4.9050768197688
50,"single","double",9,1.17023255609531,0.013480959359304,6.17124103359187
50,"single","double",10,1.11992451001515,0.0118001646646046,9.83297965978897
50,"single","double",11,1.26402957373306,0.0170367707466626,9.13642683879994
50,"single","double",12,1.49009470659941,0.0242463681569144,11.3170792030216
50,"single","double",13,1.31733716572347,0.0192143518625719,7.1520795408053
50,"single","double",14,1.24311089057068,0.0176035866369525,5.27382903418362
50,"single","double",15,1.18266567435099,0.0141491392801867,6.30269414927552
50,"single","double",16,1.57451571674856,0.0297024284966391,7.04051561718626
50,"single","double",17,1.31640302745994,0.018714996633206,7.48191833886095
50,"single","double",18,1.28701815679144,0.019645630663482,6.35426260353472
50,"single","double",19,1.31486880059066,0.0189904941199142,8.94887266689093
50,"single","double",20,1.27081952481194,0.0175659108651443,8.14576041940649
50,"half","double",1,1.21371071608756,0.0155101922053862,7.9079201259431
50,"half","double",2,1.22515134502635,0.0149348302378887,8.11700541731668
50,"half","double",3,1.09283184543412,0.0100247064166699,6.83033258720644
50,"half","double",4,1.215236946705,0.0155017985174516,5.66986769806219
50,"half","double",5,1.23167300469925,0.0164440365268292,7.29878504527373
50,"half","double",6,1.276880172561,0.0170740651126803,6.49807519585469
50,"half","double",7,1.30908041297165,0.0201356510013833,7.3383339859837
50,"half","double",8,1.27115305160401,0.0173988101927404,7.29101435879277
50,"half","double",9,1.22820392619881,0.0156110024205153,5.24952394360136
50,"half","double",10,1.46078055490604,0.0231046920945108,8.43238999558719
50,"half","double",11,1.37046912787904,0.0209724638745939,6.22673954069852
50,"half","double",12,1.17462673508304,0.013937346419626,7.62579733787807
50,"half","double",13,1.14940388894117,0.0122701715909941,7.16165681854057
50,"half","double",14,1.26128781072963,0.0176720169205701,6.90479606961571
50,"half","double",15,1.26335677159735,0.0173689978517167,6.58598725969277
50,"half","double",16,1.36502770086363,0.0213395689258397,7.04004283991641
50,"half","double",17,1.36582122944029,0.0201374369749065,6.07064378339529
50,"half","double",18,1.20921917197812,0.0153731130390898,6.54520207766479
50,"half","double",19,1.20396155969666,0.0155891805682242,8.53966804074008
50,"half","double",20,1.30953625823045,0.0185583984070634,6.10884104974667
50,"bfloat16","double",1,1.48835884787903,0.0247031616932383,7.55366075890061
50,"bfloat16","double",2,1.50057389019998,0.0247095222600491,5.33274741929014
50,"bfloat16","double",3,1.15011664876571,0.0122712886753255,6.6761627715199
50,"bfloat16","double",4,1.27792178662054,0.0185117413780612,8.33229118724317
50,"bfloat16","double",5,1.2400585948564,0.0172640649150353,5.13732665591464
50,"bfloat16","double",6,1.34243791420763,0.0211946400391245,6.91160448426498
50,"bfloat16","double",7,1.17403697306448,0.0146004318593947,6.79898594278776
50,"bfloat16","double",8,1.50557408007993,0.0255718384072534,12.218687635708
50,"bfloat16","double",9,1.20713698968853,0.0151153861613413,8.77770619848036
50,"bfloat16","double",10,1.47586484397952,0.0253206637915897,8.13988932108642
50,"bfloat16","double",11,1.23339885233993,0.0166547427576483,9.30309556579097
50,"bfloat16","double",12,1.53790453730485,0.0267610970031142,7.74370537966796
50,"bfloat16","double",13,1.21994213804531,0.0160217757652595,9.57076509331702
50,"bfloat16","double",14,1.40672806443008,0.0220949424238679,5.54511554392119
50,"bfloat16","double",15,1.15283927641268,0.0135294137650674,6.89153065326933
50,"bfloat16","double",16,1.27793598383131,0.017710747751525,7.48523975745774
50,"bfloat16","double",17,1.43611174948121,0.0230823864084099,6.08335654801603
50,"bfloat16","double",18,1.19562103134526,0.0141866895869749,7.04861865895049
50,"bfloat16","double",19,1.28192848246336,0.018297012168668,7.27614742277598
50,"bfloat16","double",20,1.20029942153072,0.0152267309058283,5.54131745805988
100,"double","double",1,1.13447718679185,0.0124293169881016,4.49173185740288
100,"double","double",2,1.11570430815135,0.0110768257725134,4.11226262501896
100,"double","double",3,1.12279620022405,0.0121450819491095,4.28671702883962
100,"double","double",4,1.09363267210265,0.0102401924198536,3.98003959529309
100,"double","double",5,1.0687392602635,0.00871175230103331,3.96608743057871
100,"double","double",6,1.0663999356595,0.00835040612678413,4.4194852383774
100,"double","double",7,1.07661479607909,0.00871773300452047,4.26663793720805
100,"double","double",8,1.18692310870555,0.0138797479687069,4.64727927766636
100,"double","double",9,1.09955744480078,0.009894984857853,3.96712266768454
100,"double","double",10,1.05739209477158,0.00771393063050754,4.83448057210491
100,"double","double",11,1.16529627952414,0.0137959893658434,4.16447866390074
100,"double","double",12,1.07999403332981,0.00902729094060266,3.99596587779838
100,"double","double",13,1.20467044289061,0.015662338545823,4.33994170038817
100,"double","double",14,1.16082139972441,0.0129004984129298,4.0967179507035
100,"double","double",15,1.10750051908427,0.0112162135243765,4.24356048906224
100,"double","double",16,1.18516690236023,0.0138933587992769,4.77051642061434
100,"double","double",17,1.10608801737534,0.0110102404600024,3.56720642707835
100,"double","double",18,1.15023997877076,0.0125791685330523,4.34318662792311
100,"double","double",19,1.12844510861523,0.0117924509570849,4.39151796771575
100,"double","double",20,1.06773363070671,0.00834645999414671,3.80824063276367
100,"single","double",1,1.11767279714368,0.011300631618035,6.09758084766795
100,"single","double",2,1.2025985083469,0.0156743152778996,3.70377125475608
100,"single","double",3,1.10289863180857,0.0106855831144201,5.10417117173364
100,"single","double",4,1.13199188901902,0.0114513828624098,4.11663598646806
100,"single","double",5,1.09069856819169,0.0101142790106769,4.20671699528392
100,"single","double",6,1.06654726342997,0.00875274567184179,4.63171496535105
100,"single","double",7,1.11215624507916,0.0113257198294932,5.00085980849786
100,"single","double",8,1.10482969771166,0.0105930033342651,4.51284077849735
100,"single","double",9,1.12092044362401,0.0120088858339717,5.38355591179238
100,"single","double",10,1.09634469392687,0.0100269190241725,3.90360946909201
100,"single","double",11,1.07963178503356,0.0096108698048307,3.93551404496044
100,"single","double",12,1.12270301220769,0.011600051404764,5.12412596212524
100,"single","double",13,1.14406192739202,0.0129805043506108,4.60601382960162
100,"single","double",14,1.1012239971512,0.0103962641056268,4.3710731970282
100,"single","double",15,1.16013223082068,0.0131261131855633,4.35376123062643
100,"single","double",16,1.09118960593023,0.0103835823416888,3.68736743251267
100,"single","double",17,1.13373238586491,0.0125344914603897,4.09246655869795
100,"single","double",18,1.11788084084759,0.0114357295614303,4.38416598827231
100,"single","double",19,1.05549647465036,0.00786352066615401,4.86887446822631
100,"single","double",20,1.09793492871963,0.0104629900449326,3.94908969606121
100,"half","double",1,1.25721700001796,0.0184532785952573,3.91254498218552
100,"half","double",2,1.06647871791953,0.00859131611513276,4.75568760322258
100,"half","double",3,1.10903810647476,0.0116324216478623,3.91344082446389
100,"half","double",4,1.13137994024872,0.0122301866100364,4.51351156728436
100,"half","double",5,1.10143894680153,0.0103623665505228,3.89571506067218
100,"half","double",6,1.09818258732023,0.00977197244578183,4.5130055340003
100,"half","double",7,1.07331592258143,0.00888823939779439,4.66308099892584
100,"half","double",8,1.17177050255565,0.013653145872904,5.29104660226636
100,"half","double",9,1.08129135008403,0.00932843531790588,3.8080051056467
100,"half","double",10,1.11875503016116,0.0113260661210246,4.32250100134299
100,"half","double",11,1.05495414679864,0.00812282232495303,4.5366423523635
100,"half","double",12,1.15290224423833,0.0129659983771823,4.27515369648469
100,"half","double",13,1.11110322481322,0.0107398541223243,4.09097736663135
100,"half","double",14,1.10844781874872,0.0107174820191483,4.41335671559562
100,"half","double",15,1.12580953689727,0.0114040135285392,4.38931621015352
100,"half","double",16,1.04913235420902,0.00732988762377443,4.86561029654206
100,"half","double",17,1.25683908168659,0.0178377164239305,4.20386405495724
100,"half","double",18,1.18036155375689,0.0142405402707766,4.27043957404305
100,"half","double",19,1.1142092972745,0.0108620950190666,4.24859644869696
100,"half","double",20,1.10558654935874,0.0106863020211328,4.66256749273333
100,"bfloat16","double",1,1.12121053487864,0.0109064326709111,4.57112734109521
100,"bfloat16","double",2,1.16875056743615,0.0140810301922313,5.24961008249163
100,"bfloat16","double",3,1.12913127985444,0.0109806004968819,3.83525069614737
100,"bfloat16","double",4,1.11428243850411,0.0117850874165204,4.78407405161617
100,"bfloat16","double",5,1.09374163803819,0.00975361997622954,4.52543330571109
100,"bfloat16","double",6,1.13503342045122,0.0124805360236783,5.08014846176404
100,"bfloat16","double",7,1.2122375852717,0.0150365936167963,5.19249961694149
100,"bfloat16","double",8,1.1308104232627,0.0119231019658331,3.97770610636942
100,"bfloat16","double",9,1.21397595139378,0.0163180797221507,4.46796546291727
100,"bfloat16","double",10,1.14642930405148,0.0122786685320022,4.32342633627172
100,"bfloat16","double",11,1.17200998944973,0.014077568810119,4.4430223528993
100,"bfloat16","double",12,1.11416552305806,0.0111476830053427,3.60940425389111
100,"bfloat16","double",13,1.144690004905,0.0126776722916592,3.42837553165512
100,"bfloat16","double",14,1.1290933097144,0.0121218093056249,3.8626702105163
100,"bfloat16","double",15,1.08666291269683,0.00952632649761774,4.01131036833256
100,"bfloat16","double",16,1.12393865923519,0.011577256796026,3.74433860416908
100,"bfloat16","double",17,1.08116893081437,0.00912566755485077,4.15875280879093
100,"bfloat16","double",18,1.07313875475445,0.00829470046330342,4.45567978440598
100,"bfloat16","double",19,1.21514878072988,0.0163917933937734,4.2853218740165
100,"bfloat16","double",20,1.18446110556169,0.0144175914300248,4.43163764404669
200,"double","double",1,1.05326162132289,0.00752542869262206,3.76919165357556
200,"double","double",2,1.03226895260828,0.005559614429832,3.07353467818767
200,"double","double",3,1.03346040920988,0.00581148309576623,2.88014374953345
200,"double","double",4,1.05685077596486,0.00729362586935535,2.91271308424762
200,"double","double",5,1.0587940652378,0.0077198904376828,2.90140703155207
200,"double","double",6,1.0389811200845,0.00662483992085997,2.98780157733991
200,"double","double",7,1.04141339198596,0.00678405249039583,3.43120650490119
200,"double","double",8,1.06607606691768,0.00839938789187606,3.28410126442282
200,"double","double",9,1.02371518510817,0.00499030207393928,3.4633038682651
200,"double","double",10,1.06904391985414,0.00820010365407368,3.05673774118913
200,"double","double",11,1.02736662206398,0.00530902449555342,3.02747769207617
200,"double","double",12,1.05927621211577,0.00744046088625051,3.34043633332289
200,"double","double",13,1.05146008987895,0.00716648845573824,3.18754080380683
200,"double","double",14,1.02733275738656,0.00520245338303194,2.91643641391468
200,"double","double",15,1.043930694909,0.00682183684429811,2.96125529563024
200,"double","double",16,1.04914270225676,0.00720063423282727,2.99848872323444
200,"double","double",17,1.03767042353487,0.00610221900284747,3.05516520192134
200,"double","double",18,1.0878173198568,0.00920970054882586,2.9255009670267
200,"double","double",19,1.09144070950608,0.0101315799403867,2.9100721630179
200,"double","double",20,1.05819707655983,0.00758181040309817,3.03187421994645
200,"single","double",1,1.05888689930453,0.00778989283976265,3.17812234052916
200,"single","double",2,1.07224616740933,0.00907142981913961,3.32161762092827
200,"single","double",3,1.05294359907814,0.00764428310391646,2.92359431395579
200,"single","double",4,1.03970511855687,0.00613507547403469,2.96280070823565
200,"single","double",5,1.03979723595358,0.00616580368720977,3.4408921617936
200,"single","double",6,1.08762772609048,0.00929142653310483,3.27520105462881
200,"single","double",7,1.04089142877496,0.0064935524624679,2.98589115566069
200,"single","double",8,1.04778138647273,0.00698998688084831,3.18031992267816
200,"single","double",9,1.03909118095284,0.00639487131613486,3.50609269844349
200,"single","double",10,1.04899758134887,0.00750976934088825,3.28145668376111
200,"single","double",11,1.05792881072923,0.00757455903138789,2.87095442693185
200,"single","double",12,1.04604293242369,0.00691547974631366,2.87239249272427
200,"single","double",13,1.03270335685864,0.00564496237172783,3.2801089207511
200,"single","double",14,1.04222692058448,0.00664120142109987,3.42952429220268
200,"single","double",15,1.03263180393659,0.00555937546660406,3.23102130031237
200,"single","double",16,1.05143705171854,0.0073128974739702,3.08844751182177
200,"single","double",17,1.02505660133772,0.00497169177339707,3.37133143024273
200,"single","double",18,1.10220644096798,0.0108356847222757,2.99775898214653
200,"single","double",19,1.0662869917711,0.00828456174463399,3.28365298300493
200,"single","double",20,1.04805914906132,0.00731489297676328,3.01702873766248
200,"half","double",1,1.05524725388592,0.0077487647487414,3.09355579881436
200,"half","double",2,1.05326731606783,0.00729576222746571,3.3031616896032
200,"half","double",3,1.08323904533603,0.00965702282188016,3.26704642207294
200,"half","double",4,1.05298302099639,0.00713568741772109,3.17702066982151
200,"half","double",5,1.04790932417179,0.00731794763055118,2.70778205439665
200,"half","double",6,1.05517588442768,0.00750830683056095,3.24401356187444
200,"half","double",7,1.07851280817896,0.00892886033211794,2.85886716959131
200,"half","double",8,1.0445291068147,0.00711185318275244,3.67195744500937
200,"half","double",9,1.05348977440992,0.00749203215102456,2.83652956661972
200,"half","double",10,1.11816827089762,0.0108682755702809,2.85508021879789
200,"half","double",11,1.03079588899407,0.00584142535895435,3.13990578086594
200,"half","double",12,1.04175360703443,0.00646410479743885,3.10324335719507
200,"half","double",13,1.03252198508761,0.00533838070431442,2.94503060756186
200,"half","double",14,1.05807610639904,0.00776506140320187,2.76052963007129
200,"half","double",15,1.04770317936334,0.00701764729630171,3.46921431299606
200,"half","double",16,1.0298190966822,0.00583958865086071,2.93605526737683
200,"half","double",17,1.042801564249,0.00686129278725844,3.01088253608741
200,"half","double",18,1.04144931854201,0.00642099745294267,3.64081556136084
200,"half","double",19,1.02969457912103,0.0055422793188738,2.96462971719495
200,"half","double",20,1.04281655716476,0.00645480678245567,2.83831519962336
200,"bfloat16","double",1,1.0287072821801,0.00518689380856475,3.11887546442713
200,"bfloat16","double",2,1.04429338699616,0.00681976831405013,3.09449449563198
200,"bfloat16","double",3,1.05428823458583,0.00783863102958578,3.1220613355494
200,"bfloat16","double",4,1.08544002364782,0.00904427277090525,3.57876123062274
200,"bfloat16","double",5,1.08913279187403,0.00948689800798969,3.18328913857619
200,"bfloat16","double",6,1.04485429491046,0.00649621408778613,3.30406554053585
200,"bfloat16","double",7,1.06043768395121,0.00808990339035478,3.46225704996192
200,"bfloat16","double",8,1.07709689490116,0.0089998298226663,3.41707773453385
200,"bfloat16","double",9,1.06154658075168,0.00770672347371737,3.12391756325717
200,"bfloat16","double",10,1.05696011783498,0.00794097871861483,2.79861090822058
200,"bfloat16","double",11,1.10292376165848,0.0105135657481584,2.98111611913682
200,"bfloat16","double",12,1.05988564172248,0.00743163055079417,3.05395977692102
200,"bfloat16","double",13,1.07379571177508,0.00923603271907006,2.8772373958425
200,"bfloat16","double",14,1.05292047713773,0.00721715688769793,3.15161372006642
200,"bfloat16","double",15,1.0620080276878,0.00804094482114586,3.69746065193054
200,"bfloat16","double",16,1.03311111107205,0.00592163970076815,2.9802251689395
200,"bfloat16","double",17,1.05365501710539,0.00726482995388013,2.77940241132028
200,"bfloat16","double",18,1.06561414914699,0.00823426674982653,3.02453942890715
200,"bfloat16","double",19,1.08161118538601,0.00956932419859687,3.67007195875241
200,"bfloat16","double",20,1.0458161549394,0.0070256788158942,2.99296258709277
